Title,Company,Location,Date Posted,Link,Short Description,Sub Classification,Classification,Work Arrangement,Job Type,Cluster
Full Stack Developer - Scientific Applications,Hypercube Scientific,Sydney NSW,,https://www.seek.com.au/job/90364930?type=promoted&ref=search-standalone&origin=jobCard#sol=d07403dc9e6a210aa81c8ac18833fdeb6019f4b4,"A science and data focused developer role working on bespoke, highly technical pieces of software. Some WFH.",Developers/Programmers,(Information & Communication Technology),(Hybrid),This is a Full time job,0
Python engineer - Generative AI (Mid-Level),Enterprise Ai,Sydney NSW,,https://www.seek.com.au/job/90323395?type=promoted&ref=search-standalone&origin=jobCard#sol=fef0d7f07384b85049b4ce1ab14ed80af1af2efe,Join a high-performing team building cutting-edge workflows with enmbedded generative models and drive innovation. Sydney based role.,Engineering - Software,(Information & Communication Technology),,This is a Full time job,4
Python Data Engineer,Edge Stackers,Sydney NSW,Listed nineteen days ago,https://www.seek.com.au/job/90270821?type=standard&ref=search-standalone&origin=jobCard#sol=73a9da93b66aa56af3e8c592fc7ac2c51d94d24e,"Join our experienced, best in class, close-knit team. Our verified, robust and profitable track record is ready for scale.",Engineering - Software,(Information & Communication Technology),(Hybrid),This is a Full time job,2
Software Developer,Tassal Operations Pty Ltd,Sydney NSW,Listed twenty three hours ago,https://www.seek.com.au/job/90642364?type=standard&ref=search-standalone&origin=jobCard#sol=f8a78fce649ecda86f48dba23a070904ff28a487,"Developer role building modern apps, integrations and automation to drive digitisation across Australia’s leading seafood producer.",Engineering - Software,(Information & Communication Technology),(Hybrid),This is a Full time job,4
Software Engineer,Ocius,Alexandria,Listed twenty three hours ago,https://www.seek.com.au/job/90642962?type=standard&ref=search-standalone&origin=jobCard#sol=e62a1d9a3bfbc4ae706e10027745cab76fc03e19,Engineer complex systems directly responsible for keeping uncrewed systems on-water and operational,Engineering - Software,(Information & Communication Technology),(Hybrid),,1
"Full Stack Software Engineer (React, Next.js, Python) - Agentic AI Startup",NinjaTech AI Australia Pty Ltd,Sydney NSW,Listed twenty five days ago,https://www.seek.com.au/job/90167744?type=standard&ref=search-standalone&origin=jobCard#sol=7fda70a81d69bd73f7bf42a99877e2f02a9ad928,"Full Stack Engineer (onsite) at our Sydney office: 5+ years of Frontend and Backend experience: React, Next.js and Python experience required.",Developers/Programmers,(Information & Communication Technology),,This is a Full time job,0
Software Engineer,Fyndr Group,Chatswood,Listed fourteen days ago,https://www.seek.com.au/job/90364113?type=standard&ref=search-standalone&origin=jobCard#sol=e9434aa0355ca0c7621b96fb4215ccbbe5818e8c,"Software Engineer role focused on rule-based systems, deep data investigation, SQL, Python, and production fixes in revenue audit platforms.",Engineering - Software,(Information & Communication Technology),(Hybrid),This is a Full time job,1
"Senior Developer (Python, Django, React)",Peoplebank Australia NSW,Sydney NSW,Listed twenty six days ago,https://www.seek.com.au/job/90134502?type=standard&ref=search-standalone&origin=jobCard#sol=fb4483eb4167a96b23810cb0e3098e0034eae3cc,"Senior Developer (Python, Django, React) — state government organization   URGENT 2.5-Month (80 days) Contract   Competitive Remuneration",Developers/Programmers,(Information & Communication Technology),(Hybrid),,2
Data Engineer,FinXL IT Professional Services,Sydney NSW,Listed twenty three hours ago,https://www.seek.com.au/job/90643477?type=standard&ref=search-standalone&origin=jobCard#sol=ea9a1163167b479206ea2c1322560e5e3880c673,FinXL IT is seeking an experienced Data Engineer to join our team at a leading financial services organisation. Initial 12 months max-term contract.,Programme & Project Management,(Information & Communication Technology),(Hybrid),,2
AI Engineer (Data Science),DeVision Recruitment,Sydney NSW,Listed nineteen hours ago,https://www.seek.com.au/job/90651694?type=standard&ref=search-standalone&origin=jobCard#sol=166fb63e3aa894ec5cd106edf2d30062200b56c3,Senior and Staff AI Engineers (Data Science) to join hyper growth AI company that builds Agentic Agents. Scaling globally and multiple positions!,Database Development & Administration,(Information & Communication Technology),(Remote),This is a Full time job,0
Data & Automation Engineer,Deloitte,Sydney NSW,Listed twelve days ago,https://www.seek.com.au/job/90424354?type=standard&ref=search-standalone&origin=jobCard#sol=610893dcb1884ab46e3588dd78bc6f40f30ee470,Data & Automation Engineer,Web Development & Production,(Information & Communication Technology),(Hybrid),This is a Full time job,2
Software Engineer (Full Stack),One Playground,Surry Hills,Listed seven days ago,https://www.seek.com.au/job/90513028?type=standard&ref=search-standalone&origin=jobCard#sol=476b934a57e4d20b001048814b2b8ffdb3ebde18,Work with purpose. Build meaningful tech that supports our mission to inspire change and creates better experiences for our members and the people who,Developers/Programmers,(Information & Communication Technology),,This is a Full time job,0
Software Engineer,Real Time,Sydney NSW,Listed twenty six days ago,https://www.seek.com.au/job/90124842?type=standard&ref=search-standalone&origin=jobCard#sol=7b89a01ae529a74aba6fd295ca026b3b17d78c12,Want to work with one of the hottest new companies in the world? They'd love to set you up in San Francisco with the opportunity of a life time ⏩,Engineering - Software,(Information & Communication Technology),,This is a Full time job,0
Software Developer,MVSI OnBoard,North Sydney,Listed one hour ago,https://www.seek.com.au/job/90672407?type=standard&ref=search-standalone&origin=jobCard#sol=5a4769ac1faec7f8316892f20fbaa298003570c2,"Senior MERN/AWS Engineer building scalable SaaS, modernising systems, owning DevOps, and driving reliability, security & performance.",Developers/Programmers,(Information & Communication Technology),(Hybrid),This is a Full time job,4
Senior Software Engineer - Python,The Onset,Sydney NSW,Listed seventeen days ago,https://www.seek.com.au/job/90324504?type=standard&ref=search-standalone&origin=jobCard#sol=97bed4d36cb56728431722997d206af56570dfb9,"Shaping how global organisations verify identity, prevent fraud, and connect data at scale.",Engineering - Software,(Information & Communication Technology),(Hybrid),This is a Full time job,2
Senior Developer x 2 - 3 month contracts,Genesis IT Recruitment,Sydney NSW,Listed twenty six days ago,https://www.seek.com.au/job/90116133?type=standard&ref=search-standalone&origin=jobCard#sol=95a4fb3329542618453e86573490a170e7dece2a,"Develop and maintain Python/Django/React platforms around cyber, including testing, code reviews, documentation and secure operations - APPLY NOW",Developers/Programmers,(Information & Communication Technology),(Hybrid),,1
Software Engineer,Microsoft,Sydney NSW,Listed four days ago,https://www.seek.com.au/job/90583336?type=standard&ref=search-standalone&origin=jobCard#sol=59b78a1f968444fdd74fad956262fdc09de0e270,This role offers the opportunity to make meaningful contributions daily on a hyperscale system that may be part of your friends’ and family’s everyday,Engineering - Software,(Information & Communication Technology),,This is a Full time job,2
Web Software Developer,Studiosity,St Leonards,Listed twenty four days ago,https://www.seek.com.au/job/90180029?type=standard&ref=search-standalone&origin=jobCard#sol=32e7a7d2246c78d241f0e9ec7edeb000d3064a5e,"Develop world class front end or back end web software to improve student outcomes, everywhere.",Web Development & Production,(Information & Communication Technology),(Remote),This is a Full time job,0
Software Engineer,Microsoft,Sydney NSW,Listed four days ago,https://www.seek.com.au/job/90583237?type=standard&ref=search-standalone&origin=jobCard#sol=3486847135986dee5167c4a0434c1639e0c1d417,Microsoft’s mission is to empower every person and every organization on the planet to achieve more.,Engineering - Software,(Information & Communication Technology),,This is a Full time job,3
Software Engineer - Enterprise AI Enablement,TEKsystems,Sydney NSW,Listed twenty five days ago,https://www.seek.com.au/job/90153672?type=standard&ref=search-standalone&origin=jobCard#sol=3000c00b5886f726bc742b5e2352e0cbd78b0ad9,"software engineer, python engineer, python developer, software developer, ai engineer",Engineering - Software,(Information & Communication Technology),(Hybrid),,4
"X2 Senior Software Engineers- AI (Python,TypeScript, C++)",Novus,Sydney NSW,Listed twenty days ago,https://www.seek.com.au/job/90262785?type=standard&ref=search-standalone&origin=jobCard#sol=542033d3db249d4331199c050467aeb8e24b6923,"AI assisted development is a core part of how engineering works, using tools such as Copilot, Claude and Cursor.",Engineering - Software,(Information & Communication Technology),,This is a Full time job,0
AI Full Stack Engineer,The Onset,Sydney NSW,Listed three days ago,https://www.seek.com.au/job/90615752?type=standard&ref=search-standalone&origin=jobCard#sol=58068787baa634ee744b6db9e11f7f6a2c64ac39,"Shape how AI powers a platform used by over a million people globally in an operationally serious, ethically guided, and scaling fast company.",Engineering - Software,(Information & Communication Technology),(Hybrid),This is a Full time job,0
AI Engineer,PRA,Sydney NSW,Listed ten days ago,https://www.seek.com.au/job/90459257?type=standard&ref=search-standalone&origin=jobCard#sol=d08fcd411a2a32820d9e7d1441a051eac5129c3e,Senior AI Engineer building production-grade AI agents in Python. Own full lifecycle. High impact. Bonus + premium perks.,Engineering - Software,(Information & Communication Technology),(Hybrid),This is a Full time job,0
Software Engineer,Microsoft,Sydney NSW,Listed four days ago,https://www.seek.com.au/job/90583088?type=standard&ref=search-standalone&origin=jobCard#sol=9c411232dd7831d84903c577509d600802a4adc0,Microsoft’s mission is to empower every person and every organization on the planet to achieve more.,Engineering - Software,(Information & Communication Technology),,This is a Full time job,3
Senior Developer,Indigeco Pty Ltd,Sydney NSW,Listed twenty six days ago,https://www.seek.com.au/job/90117248?type=standard&ref=search-standalone&origin=jobCard#sol=0dbe3a30bdf766d6710b072bbf9064a93dafd941,An NSW Government agency is seeking two experienced Senior Developers to support Cyber Security NSW,Developers/Programmers,(Information & Communication Technology),,,2
Quantitative Software Engineer,Expertech,Sydney NSW,Listed twenty four days ago,https://www.seek.com.au/job/90179417?type=standard&ref=search-standalone&origin=jobCard#sol=ed1a7e8c8617489c27c5f7df05154f4f126b4ae4,Junior -mid level Finaniacl Technology start-up. Work directly with founders.,Developers/Programmers,(Information & Communication Technology),(Remote),This is a Full time job,4
Software Engineer,Microsoft,Sydney NSW,Listed three days ago,https://www.seek.com.au/job/90611165?type=standard&ref=search-standalone&origin=jobCard#sol=153ee816bd868ef89db1f0c074b691324f483f49,Microsoft’s mission is to empower every person and every organization on the planet to achieve more.,Engineering - Software,(Information & Communication Technology),,This is a Full time job,3
Software Engineer – 3D Processing Systems,The Onset,Sydney NSW,Listed eleven days ago,https://www.seek.com.au/job/90437509?type=standard&ref=search-standalone&origin=jobCard#sol=e8c86a76457e08e0714d72833980fcca295f492d,Own and scale a high-performance 3D processing engine powering real-world spatial computation,Engineering - Software,(Information & Communication Technology),,This is a Full time job,4
Backend Developer - 12 Month Contract,Stockland,Sydney NSW,Listed fifteen days ago,https://www.seek.com.au/job/90353143?type=standard&ref=search-standalone&origin=jobCard#sol=77f17d0587db18f1ca24356aa5c0d71d6f8c7975,"Backend Developer needed to build scalable Python APIs for Stockland's digital products. 12‑month contract, Sydney or Melbourne.",Developers/Programmers,(Information & Communication Technology),(Hybrid),,0
Senior Full-Stack/AI Engineer,Sterling Black,Sydney NSW,Listed thirteen minutes ago,https://www.seek.com.au/job/90673590?type=standard&ref=search-standalone&origin=jobCard#sol=5371b31994c07980005372227033607f69ced18f,"As our founding engineer, own everything from full‑stack build to AI workflows—your standards and decisions will shape the company’s future.",Engineering - Software,(Information & Communication Technology),,This is a Full time job,0
Graduate Firmware Engineer,Finisar,Rosebery,Listed two hours ago,https://www.seek.com.au/job/90670941?type=standard&ref=search-standalone&origin=jobCard#sol=136dd1ce19387d606a15184274e0eca47bd9a935,"If you’re a super-smart firmware engineer, and you love using embedded systems to solve complex real-world problems, you’d love working at Finisar.",Engineering - Software,(Information & Communication Technology),(Hybrid),This is a Full time job,4
Senior Databricks Engineer (Sydney Based),UpperGround by Hudson,Sydney NSW,Listed nineteen hours ago,https://www.seek.com.au/job/90651924?type=standard&ref=search-standalone&origin=jobCard#sol=a0107f2b4c8fe5bfe306c95598c8036725d4fa3e,"A senior, hands-on data engineering role in a small greenfield team, owning a Databricks on AWS platform.",Developers/Programmers,(Information & Communication Technology),(Hybrid),This is a Full time job,2
Software Engineer - Test,PM-Partners Group,Sydney NSW,Listed four days ago,https://www.seek.com.au/job/90588015?type=standard&ref=search-standalone&origin=jobCard#sol=5f5d7fd400d637a7b5f84ce3a4fb877fd212fba6,"We are looking for a curious, hands-on software engineer who thrives at the intersection of testing and development.",Engineering - Software,(Information & Communication Technology),,,4
Data Infrastructure Engineer,Life Trading Pty Ltd,Sydney NSW,Listed eleven days ago,https://www.seek.com.au/job/90428900?type=standard&ref=search-standalone&origin=jobCard#sol=491e3ad2036e7eea6abb3dc309c57031c8f8cbf1,"Data Infrastructure Engineer, playing a key role in architecting and maintaining a hybrid on-premises and cloud-based data platform.",Database Development & Administration,(Information & Communication Technology),(Hybrid),This is a Full time job,2
Software Engineer,Microsoft,Sydney NSW,Listed five days ago,https://www.seek.com.au/job/90551605?type=standard&ref=search-standalone&origin=jobCard#sol=197370e6bdcaa12422211b7383267f29f3754e32,Microsoft’s mission is to empower every person and every organization on the planet to achieve more.,Engineering - Software,(Information & Communication Technology),,This is a Full time job,3
Software Engineer,Microsoft,Sydney NSW,Listed three days ago,https://www.seek.com.au/job/90612100?type=standard&ref=search-standalone&origin=jobCard#sol=7bf368cccb5de28b77b655cd6228897d48c031b7,Microsoft’s mission is to empower every person and every organization on the planet to achieve more.,Engineering - Software,(Information & Communication Technology),,This is a Full time job,3
Lead Software & Data Engineering Consultant,Sestra People Pty Ltd,Sydney NSW,Listed fifty one minutes ago,https://www.seek.com.au/job/90672650?type=standard&ref=search-standalone&origin=jobCard#sol=f52487a343d841ecf443fb98d1e89485b441e5d1,Exceptional Opportunity for a true Hybrid Software & Data Engineer in Sydney with a leading consultancy | Competitive Renumeration | Modern Technology,Engineering - Software,(Information & Communication Technology),(Hybrid),This is a Full time job,2
KONG API DEVELOPER,City People Solutions,Sydney NSW,Listed two days ago,https://www.seek.com.au/job/90630839?type=standard&ref=search-standalone&origin=jobCard#sol=c0cd821c20b19b82c346842fc56055cd7ab918d7,"The Kong API Developer will design and implement secure, scalable API gateways and integrations supporting SOI, IDAM, and platform initiatives",Developers/Programmers,(Information & Communication Technology),(Hybrid),This is a Full time job,0
"Software Developer (Web, AI, RPA)",Suncorp,Sydney NSW,Listed eighteen days ago,https://www.seek.com.au/job/90300601?type=standard&ref=search-standalone&origin=jobCard#sol=dbe7116d4bcc3896e59111537a5cb866c11f9dfa,"Join a team creating practical, human centred automation and AI solutions that make insurance simpler, faster, and better for our customers.",Developers/Programmers,(Information & Communication Technology),(Hybrid),This is a Full time job,0
Data Engineer,Hydrogen Group Pty Ltd,Sydney NSW,Listed three days ago,https://www.seek.com.au/job/90608983?type=standard&ref=search-standalone&origin=jobCard#sol=43a511263413c76ec21e72ac93117ff22d6d986d,Excellent opportunity for a Senior Data Engineer to join a growing organisation on a greenfield project,Database Development & Administration,(Information & Communication Technology),,,2
Data Engineer,Hanwha Energy Australia Pty Ltd,North Sydney,,https://www.seek.com.au/job/90424146?type=promoted&ref=search-standalone&origin=jobCard#sol=ca550823d437e5a89a5c8a1761861c45d6eda98e,"Be part of a global business accelerating Australia’s transition to clean, affordable energy",Architects,(Information & Communication Technology),,This is a Full time job,1
Software Engineer 2,Microsoft,Sydney NSW,Listed ten days ago,https://www.seek.com.au/job/90461536?type=standard&ref=search-standalone&origin=jobCard#sol=d91bb6e3bcaf42ed1778622d8c59046901302917,Microsoft’s mission is to empower every person and every organization on the planet to achieve more.,Developers/Programmers,(Information & Communication Technology),,This is a Full time job,3
Software Engineer 2,Microsoft,Sydney NSW,Listed five days ago,https://www.seek.com.au/job/90553049?type=standard&ref=search-standalone&origin=jobCard#sol=b8a32afb469ba373dd5d0404d6f025ba67bb6c36,Microsoft’s mission is to empower every person and every organization on the planet to achieve more.,Developers/Programmers,(Information & Communication Technology),,This is a Full time job,3
"Data Analyst - Python, R & SQL - Office based North West Sydney",Limelight People,Sydney NSW,Listed five days ago,https://www.seek.com.au/job/90556145?type=standard&ref=search-standalone&origin=jobCard#sol=ee62d3d70919b804ccfd7cabf8552d64ca308000,"Join a purpose-driven organisation as a Data Analyst. Use your Python, R, and SQL skills to turn data into insights, support business decisions",Business/Systems Analysts,(Information & Communication Technology),,This is a Full time job,2
Software Engineer - Azure Databricks,Microsoft,Sydney NSW,Listed three days ago,https://www.seek.com.au/job/90612555?type=standard&ref=search-standalone&origin=jobCard#sol=553212c711f9a2768349d4573873241f9cf4592f,Microsoft’s mission is to empower every person and every organization on the planet to achieve more.,Engineering - Software,(Information & Communication Technology),,This is a Full time job,3
Machine Learning Engineer - $120k + Bonus - Sydney (Hybrid),Nuage Technology Group,Sydney NSW,Listed fourteen days ago,https://www.seek.com.au/job/90366756?type=standard&ref=search-standalone&origin=jobCard#sol=e671a8ed2d7ae69cd113acf44c76153adc86be57,Nuage has partnered with a long standing client to help them find a Junior / Mid level Machine Learning Engineer from a Data Sci / Stats background,Engineering - Software,(Information & Communication Technology),(Hybrid),This is a Full time job,2
Senior Data Engineers | Snowflake | Python,Billigence,Sydney NSW,Listed twenty seven days ago,https://www.seek.com.au/job/90113289?type=standard&ref=search-standalone&origin=jobCard#sol=75feeef941fcf613f13810334e245d90f71aa411,6 Month contract + extensions | Banking projects | Must be Sydney based | Hybrid model,Developers/Programmers,(Information & Communication Technology),(Hybrid),,2
Software Engineer,Microsoft,Sydney NSW,Listed five days ago,https://www.seek.com.au/job/90552837?type=standard&ref=search-standalone&origin=jobCard#sol=617923b5e010c766b97da0a885e9ce574de71bb7,Microsoft’s mission is to empower every person and every organization on the planet to achieve more.,Engineering - Software,(Information & Communication Technology),,This is a Full time job,3
Software Developer,Let's Play Games,Wetherill Park,Listed eleven days ago,https://www.seek.com.au/job/90428532?type=standard&ref=search-standalone&origin=jobCard#sol=99631d1d1acccdfbeb3189ca297b4e93ecd3626b,"Full-time Software Developer. Maintain Shopify platform, Node.js backend & GCP. $80k–$100k + super, hybrid work. Work in tabletop gaming!",Developers/Programmers,(Information & Communication Technology),(Hybrid),This is a Full time job,4
AI Engineer,Teachers Mutual Bank,Sydney NSW,Listed twenty days ago,https://www.seek.com.au/job/90244169?type=standard&ref=search-standalone&origin=jobCard#sol=4e02691beedf8c8be53003e48826d5b3fe04073b,"Build intelligent, scalable solutions that shape the future of our organisation.",Engineering - Software,(Information & Communication Technology),(Hybrid),This is a Full time job,0
Data Scientist - AI & NLP,Correlate Resources,Sydney NSW,Listed two days ago,https://www.seek.com.au/job/90629702?type=standard&ref=search-standalone&origin=jobCard#sol=d7cae3607fdf7015f562187ff7a6d8418ff76831,"Work on advanced NLP and ML initiatives, improving LLM outputs, implementing MLOps, and leveraging Python and SQL expertise to drive AI solutions","Mathematics, Statistics & Information Sciences",(Science & Technology),(Hybrid),This is a Full time job,4
Data Engineer,TheDriveGroup,Sydney NSW,Listed five days ago,https://www.seek.com.au/job/90575973?type=standard&ref=search-standalone&origin=jobCard#sol=52211a37b12dab6cf2ab9b870d65f7c5af845062,"Permanent role driving Open Banking for ASX-listed FS firm. Business-facing, high-impact project and long-term growth.",Database Development & Administration,(Information & Communication Technology),,This is a Full time job,2
Data & AI Engineer,Secure Parking Pty Ltd.,North Sydney,Listed four days ago,https://www.seek.com.au/job/90603585?type=standard&ref=search-standalone&origin=jobCard#sol=191e94dfd9ec203ec877d9ac3094ce618bcfb5e3,Are you a driven Data & AI Engineer ready to shape the future of intelligent data platforms?,Engineering - Software,(Information & Communication Technology),,This is a Full time job,2
Data Engineer - Databricks,FinXL IT Professional Services,Sydney NSW,Listed five days ago,https://www.seek.com.au/job/90560614?type=standard&ref=search-standalone&origin=jobCard#sol=b85f35bc691917aecac11dec0aab143739200d58,We are currently seeking a Data Engineer with Databricks & Java to join our consulting practice- to be deployed within a leading Financial organisatio,Developers/Programmers,(Information & Communication Technology),(Hybrid),,2
Senior Software Engineer,Billigence,Sydney NSW,Listed eleven days ago,https://www.seek.com.au/job/90434658?type=standard&ref=search-standalone&origin=jobCard#sol=1607b95196260e89a73dfd1111e4c56e80d04e72,"Global organisation | Hybrid model, 2 days in the Sydney office | Positive, friendly team environment | Career growth opportunities",Engineering - Software,(Information & Communication Technology),(Hybrid),This is a Full time job,2
Principal Software Engineer - Azure Storage team,Microsoft,Sydney NSW,Listed ten days ago,https://www.seek.com.au/job/90462201?type=standard&ref=search-standalone&origin=jobCard#sol=1cb1dd9f6bee297c447ab58eb2feab2e3a66bda1,Microsoft’s mission is to empower every person and every organization on the planet to achieve more.,Engineering - Software,(Information & Communication Technology),,This is a Full time job,3
Senior Objectstar Software Engineer (Developer),Calleo,Sydney NSW,Listed five days ago,https://www.seek.com.au/job/90574977?type=standard&ref=search-standalone&origin=jobCard#sol=e0fc936c210586604d4d5829860aaf6e0cba73d2,Developing and supporting Objectstar applications.,Database Development & Administration,(Information & Communication Technology),,,4
Senior Software Engineer,Microsoft,Sydney NSW,Listed five days ago,https://www.seek.com.au/job/90552683?type=standard&ref=search-standalone&origin=jobCard#sol=1252b23346de8dd1d82cb070b2835df4d4efd573,Microsoft’s mission is to empower every person and every organization on the planet to achieve more.,Engineering - Software,(Information & Communication Technology),,This is a Full time job,3
Software Engineer II - Scenarios Validation,Microsoft,Sydney NSW,Listed fourteen days ago,https://www.seek.com.au/job/90362979?type=standard&ref=search-standalone&origin=jobCard#sol=5a3142fc1ad5a5645c846b9f8c6b6322618be7e8,Microsoft’s mission is to empower every person and every organization on the planet to achieve more.,Engineering - Software,(Information & Communication Technology),,This is a Full time job,3
Staff Data Scientist,Future Secure AI Pty Ltd,Sydney NSW,Listed three days ago,https://www.seek.com.au/job/90609653?type=standard&ref=search-standalone&origin=jobCard#sol=457c32dd9e36f1090058e46419a63d34c14aeb22,Shape the future of AI alongside world‑class technical and commercial leaders.,Engineering - Software,(Information & Communication Technology),(Hybrid),This is a Full time job,0
Senior AI Solutions Developer,Galileo Search,Sydney NSW,,https://www.seek.com.au/job/90150826?type=promoted&ref=search-standalone&origin=jobCard#sol=fbf02bffd13cffb31369b8487f23be210c99b3bc,AI Developer This isn't a research/data science role. It's about shipping production AI solutions that work. reliably within Microsoft/.NET ecosystem.,Developers/Programmers,(Information & Communication Technology),(Hybrid),This is a Full time job,0
Senior Data Engineer - GCP/Snowflake/Databricks,Simplyai,Sydney NSW,,https://www.seek.com.au/job/90464324?type=promoted&ref=search-standalone&origin=jobCard#sol=dd0eae49ea819022f22699852fef9af2ba2225ae,Design cutting-edge data pipelines using GCP/Snowflake/Databricks. Collaborate with talented team. Grow your career at leading AI provider.,Engineering - Software,(Information & Communication Technology),(Hybrid),This is a Full time job,2
Enterprise Data Warehouse Engineer,Recruitment Hive,Sydney NSW,Listed twenty four days ago,https://www.seek.com.au/job/90173682?type=standard&ref=search-standalone&origin=jobCard#sol=49c8514124c0d58315e1ad963502cc20d26d922d,4+ years exp req - Develop & Enhance reusable ETL Patterns - Python | SQL - Snowflake or Teradata - Greenfield DevOps! - Call Daniel (02) 6299 1006,Database Development & Administration,(Information & Communication Technology),(Hybrid),,2
Software Developer,Assure Programs,North Sydney,Listed ten days ago,https://www.seek.com.au/job/90461891?type=standard&ref=search-standalone&origin=jobCard#sol=60278c3c457c46f67bf28c7dffb68ec7995756fc,A great opportunity to join a supportive Development Team to with a common passion for using technology to improve wellbeing. Permanent Full-Time role,Developers/Programmers,(Information & Communication Technology),(Hybrid),This is a Full time job,2
Application Support Engineer,Plenti,Sydney NSW,Listed three days ago,https://www.seek.com.au/job/90614750?type=standard&ref=search-standalone&origin=jobCard#sol=4eac46bf49923b1cbc4a07902ccfea52aa18a1dd,"Join Plenti as an Application Support Engineer, tackling complex technical issues, bridging teams, and driving solutions from diagnosis to resolution!",Engineering - Software,(Information & Communication Technology),(Hybrid),This is a Full time job,1
Technical Analyst,FlexTrade,Sydney NSW,Listed three days ago,https://www.seek.com.au/job/90623459?type=standard&ref=search-standalone&origin=jobCard#sol=0671f5dcbbc05742099b791a1cd946b3b90062ea,"Looking for a tech-savvy analyst skilled in Linux, scripting & client support, delivering reliable trading solutions and seamless issue resolution.",Business/Systems Analysts,(Information & Communication Technology),(Hybrid),This is a Full time job,0
Senior Full Stack Developer,Aurec,Haymarket,Listed twenty six days ago,https://www.seek.com.au/job/90126904?type=standard&ref=search-standalone&origin=jobCard#sol=8f11a5427543a2b3559ff5c9dd77231642ef571c,NSW Gov seeking a Senior Full Stack Developer to lead the build of robust Python/Django/React platforms for high-stakes Cyber Security initiatives.,Developers/Programmers,(Information & Communication Technology),(Hybrid),,0
Senior Software Engineer- ML & Data Pipelines,Correlate Resources,Sydney NSW,Listed eighteen days ago,https://www.seek.com.au/job/90302689?type=standard&ref=search-standalone&origin=jobCard#sol=5007b7448a2de50c45a4eb268a23c1bbcd00346b,Be part of a fast-growing fintech scale-up shaping the future of data-driven financial systems. Build and scale software and data pipelines.,Engineering - Software,(Information & Communication Technology),(Hybrid),This is a Full time job,2
Software Engineer II - Azure Data Lake Storage Gen 2,Microsoft,Sydney NSW,Listed seventeen days ago,https://www.seek.com.au/job/90327125?type=standard&ref=search-standalone&origin=jobCard#sol=16abdf2027743dee581836a966f3710b9bd2b8c4,Microsoft’s mission is to empower every person and every organization on the planet to achieve more.,Engineering - Software,(Information & Communication Technology),,This is a Full time job,3
Senior Software Engineer - AI,RBOL TECH PTY LTD,Sydney NSW,Listed fourteen days ago,https://www.seek.com.au/job/90381459?type=standard&ref=search-standalone&origin=jobCard#sol=87d2858cb87498b5f38a8f37d08f50be3b820b56,Join a growing global AI-powered legal technology company as one of their founding engineers. Huge progression opportunity + Equity!,Developers/Programmers,(Information & Communication Technology),(Hybrid),This is a Full time job,0
Software Engineer 2 - Azure Ecosystems Engineering,Microsoft,Sydney NSW,Listed twenty one days ago,https://www.seek.com.au/job/90214600?type=standard&ref=search-standalone&origin=jobCard#sol=4e21db4a872e01cc8e7b6d308d794addfc1f096b,Microsoft’s mission is to empower every person and every organization on the planet to achieve more.,Engineering - Software,(Information & Communication Technology),,This is a Full time job,3
"Software Engineer (Early Career) – .NET, SQL & Power BI (Embedded)",ICTx,Sydney NSW,Listed five days ago,https://www.seek.com.au/job/90569943?type=standard&ref=search-standalone&origin=jobCard#sol=ba17d139d1b6a33a33e8c935ac2afeff0be5e1cf,"Early-career Sofrware Engineer (2–3 years) to support a modern, purpose-driven SaaS platform using .NET, SQL and Power BI (embedded a plus). WFH.",Developers/Programmers,(Information & Communication Technology),(Remote),This is a Full time job,4
Lead Software Engineer – GenAI Developer Tooling,Peoplebank Australia NSW,Sydney NSW,Listed eleven days ago,https://www.seek.com.au/job/90429054?type=standard&ref=search-standalone&origin=jobCard#sol=b42db0464f133ff7436d5f60fb699f5c34e43c32,"Build GenAI-powered dev tooling and automation that transforms how software is designed, written and delivered at scale.",Engineering - Software,(Information & Communication Technology),(Hybrid),This is a Full time job,1
Lead Backend Engineer - Python -FinTech,Pair People Pty Limited,Sydney NSW,Listed twenty one days ago,https://www.seek.com.au/job/90236622?type=standard&ref=search-standalone&origin=jobCard#sol=fbc45ac27e42b3bf89a0ef8dbb395910b8d70a08,"Lead Backend Engineer to architect and scale secure, high-performance APIs for a growing SaaS platform in a regulated environment.",Engineering - Software,(Information & Communication Technology),(Hybrid),This is a Full time job,4
Software Engineer II - Azure Storage,Microsoft,Sydney NSW,Listed seventeen days ago,https://www.seek.com.au/job/90327217?type=standard&ref=search-standalone&origin=jobCard#sol=ff9b97c4bb691d3fb64139af091a885e24e1855f,Microsoft’s mission is to empower every person and every organization on the planet to achieve more.,Engineering - Software,(Information & Communication Technology),,This is a Full time job,3
AI Engineer / Consultant,Bluefin Resources Pty Limited,Sydney NSW,Listed five days ago,https://www.seek.com.au/job/90552623?type=standard&ref=search-standalone&origin=jobCard#sol=6fa48c4f7bdc31a7d73593e57eb3c2a2da2f7ee1,Build and ship end-to-end AI applications - from RAG workflows and agentic systems to scalable APIs and cloud deployment for large global clients.,Other,(Consulting & Strategy),(Hybrid),This is a Full time job,0
Full Stack Developer,Calyx Eco Pty Ltd,Sydney NSW,Listed twenty six days ago,https://www.seek.com.au/job/90135628?type=standard&ref=search-standalone&origin=jobCard#sol=c41f11ecf125aa254cf982b68919292fab651131,"Build full-stack sustainability tech with real-world impact, shipping cloud-native features customers rely on",Engineering - Software,(Information & Communication Technology),(Hybrid),This is a Full time job,0
Senior Software Engineer,Microsoft,Sydney NSW,Listed five days ago,https://www.seek.com.au/job/90553678?type=standard&ref=search-standalone&origin=jobCard#sol=b3ad76831d4cedcec6200bc432e3c91fcffc7ae1,Microsoft’s mission is to empower every person and every organization on the planet to achieve more.,Engineering - Software,(Information & Communication Technology),,This is a Full time job,3
Senior Data Engineer,Randstad Digital,Sydney NSW,Listed twelve days ago,https://www.seek.com.au/job/90404245?type=standard&ref=search-standalone&origin=jobCard#sol=d9e84747fc8357eaeac441f1dfbd43f01f388464,"Senior Data Engineer reqd for a major bank, Big Data, Spark, SQL, Cloud, GCP exp reqd, excellent work culture, hybrid work, interviewing now",Developers/Programmers,(Information & Communication Technology),(Hybrid),This is a Full time job,2
Software Engineer - Automation & Platform Tooling,DeVision Recruitment,Sydney NSW,Listed twenty days ago,https://www.seek.com.au/job/90250420?type=standard&ref=search-standalone&origin=jobCard#sol=e425ba59b42fca42cbfa35fac0ba97cc19090ea6,Build the engine room for a global health-tech leader. Develop custom CI/CD tools & infra (Node.js/Python/DevOps) to empower global dev teams.,Engineering - Software,(Information & Communication Technology),(Hybrid),This is a Full time job,1
Agentic AI Engineer with AWS Cloud,HCL Australia Services Pty Ltd,Sydney NSW,Listed six days ago,https://www.seek.com.au/job/90518641?type=standard&ref=search-standalone&origin=jobCard#sol=3e7a31dd0333e915d9772341e1f9e2bcde683559,A job that provides perfect platform to grow yourself and your career.,Developers/Programmers,(Information & Communication Technology),,,2
Senior Full Stack Engineer,NSW Department of Customer Service,Parramatta,Listed four days ago,https://www.seek.com.au/job/90603017?type=standard&ref=search-standalone&origin=jobCard#sol=1218086a9ee5fd6806e4a188e887fc67e75899a5,"Senior Full Stack Engineer to build modern, scalable apps and shape a new data‑driven platform at NSW Fair Trading. High impact, high autonomy.",Developers/Programmers,(Information & Communication Technology),(Hybrid),This is a Full time job,0
Data Scientist - Experimentation,SEEK Limited,North Sydney,,https://www.seek.com.au/job/90425318?type=promoted&ref=search-standalone&origin=jobCard#sol=03e7ede708a8ad626895149ec05903d19855d970,Join SEEK as a Data Scientist focusing on experimentation to drive product innovation and improve user experiences.,Engineering - Software,(Information & Communication Technology),(Hybrid),This is a Full time job,2
Senior Software Developer,iasset.com Pty Ltd,Sydney NSW,,https://www.seek.com.au/job/90381738?type=promoted&ref=search-standalone&origin=jobCard#sol=1ba1afe4fe36084d113f232610381e8cfa73e918,"Lead AI-powered software development for a fast-growing tech company. Birthday Leave, flexible work, and dynamic environment.",Developers/Programmers,(Information & Communication Technology),(Remote),This is a Full time job,1
Automation Graduate,The University of Sydney,Darlington,Listed three days ago,https://www.seek.com.au/job/90617888?type=standard&ref=search-standalone&origin=jobCard#sol=143d46b2a61bb4b4349098f63c3532e628469e35,Brace yourself for the opportunity of a lifetime! Unleash Your Potential as an Automation Graduate!,Other,(Information & Communication Technology),,This is a Full time job,1
Snowflake Data Engineer,Cognizant Technology Solutions Australia Pty Ltd,Sydney NSW,Listed seven days ago,https://www.seek.com.au/job/90514250?type=standard&ref=search-standalone&origin=jobCard#sol=03d78aaa51da29cf574f455ec93f3224f14ed34c,"We are looking for an experienced data engineer who combines strong technical depth in AWS, Snowflake, SQL, and ETL pipelines",Database Development & Administration,(Information & Communication Technology),(Hybrid),This is a Full time job,2
"Software Engineer, Android Engineering Productivity, Early Career",Google,Sydney NSW,Listed more than thirty days ago,https://www.seek.com.au/job/89156786?type=standard&ref=search-standalone&origin=jobCard#sol=d5f48182600268bf16fd951ae79bf12a341caf8b,Join Google's Android team and shape the future of large screen and ChromeOS development. Apply now!,Developers/Programmers,(Information & Communication Technology),,This is a Full time job,2
Associate AI Pattern Engineer,FinXL IT Professional Services,Sydney NSW,Listed twelve days ago,https://www.seek.com.au/job/90423782?type=standard&ref=search-standalone&origin=jobCard#sol=cd89d4f30d12e34d3274305f284cccce0cc82871,FinXL is seeking an Associate AI Pattern Engineer for a leading organisation. Join our Award-Winning Associate Program & accelerate your career.,Other,(Information & Communication Technology),,,2
"Developer Programmer (Sydney, Adelaide, Canberra, Brisbane, Perth & Melbourne)",Ariston Partners Australia Pty Ltd,Sydney NSW,Listed eighteen days ago,https://www.seek.com.au/job/90305632?type=standard&ref=search-standalone&origin=jobCard#sol=655944c4fa8af38a16a86535e5fee6de310db033,"Our client, a leading Company is looking for a Developer Programmer to work with cutting-edge technologies leading to a large Transformation Programme",Developers/Programmers,(Information & Communication Technology),,This is a Full time job,4
Mid-level Data Scientist,Winning Group,Sydney NSW,Listed four days ago,https://www.seek.com.au/job/90587174?type=standard&ref=search-standalone&origin=jobCard#sol=ae415eb77ca18926a24d070bb6ef09d9d3bdc390,"Drive real-world impact with advanced data science—build ML models that power pricing, logistics & customer experience across ANZ.",Developers/Programmers,(Information & Communication Technology),,This is a Full time job,2
Software Engineer (Operational Systems),Deep C Holdings PTY LTD,Sydney NSW,Listed twenty six days ago,https://www.seek.com.au/job/90129193?type=standard&ref=search-standalone&origin=jobCard#sol=22e30728ee77db206a65ae65d28722ab25ea6854,"Build operational systems for Chinese clients running across global markets — real backend engineering, infrastructure, and cross-border integration.",Engineering - Software,(Information & Communication Technology),(Hybrid),This is a Full time job,1
Principal Data Engineer,Healius Ltd,Sydney NSW,Listed eight days ago,https://www.seek.com.au/job/90487610?type=standard&ref=search-standalone&origin=jobCard#sol=c8a9e1d92fa96cab7c708600c37a55f75d23179e,"Work with one of Australia's leading ASX-listed healthcare companies that is synonymous with quality, affordable and accessible healthcare for all.",Engineering - Software,(Information & Communication Technology),,This is a Full time job,1
Senior Machine Learning Engineer,Intelligen Pty Ltd,Sydney NSW,Listed eleven days ago,https://www.seek.com.au/job/90433956?type=standard&ref=search-standalone&origin=jobCard#sol=e3f709f359c41f4eccc648674a9bcde07624df72,"Senior MLE to build ML platform, deploy models, develop pipelines/APIs, and drive MLOps, CI/CD, and reliable production systems.",Engineering - Software,(Information & Communication Technology),(Hybrid),This is a Full time job,2
ML Engineer,Talenza,Sydney NSW,Listed twenty seven days ago,https://www.seek.com.au/job/90107126?type=standard&ref=search-standalone&origin=jobCard#sol=3d80e6eb38b9c27f86a276e8c0247f022a586845,"ML Engineer - Sydney - FS - Azure - SQL - Python - $150,000 + Super",Other,(Information & Communication Technology),(Hybrid),This is a Full time job,2
Technical Lead & Senior Software Engineers (Golang/React),TheDriveGroup,Sydney NSW,Listed eleven days ago,https://www.seek.com.au/job/90449600?type=standard&ref=search-standalone&origin=jobCard#sol=e0d248bba2f280903f9ebc1554b9c1833102e98e,"Join a high-growth Sydney scale-up as a Tech Lead or Senior Engineer, shaping a new team with real ownership and equity.",Developers/Programmers,(Information & Communication Technology),(Hybrid),This is a Full time job,2
Software Developer,Silver Trak Digital,Marrickville,Listed five days ago,https://www.seek.com.au/job/90574448?type=standard&ref=search-standalone&origin=jobCard#sol=354cbb12eb6e09a90e1e82f10907416738ec0ff5,Work with leading edge technologies of the media and entertainment arena with one of the best known post production businesses in Australia.,Developers/Programmers,(Information & Communication Technology),,This is a Full time job,4
Senior Machine Learning Engineer,Hydrogen Group Pty Ltd,Sydney NSW,Listed thirteen days ago,https://www.seek.com.au/job/90390713?type=standard&ref=search-standalone&origin=jobCard#sol=c54ffc59192c41b8cef4188f76b296b1498170ba,Excellent opportunity for a Senior Machine Learning Engineer to join on an initial 6 month contract basis in Sydney,Engineering - Software,(Information & Communication Technology),(Hybrid),,2
Senior Data Engineer - Databricks,Cognizant Technology Solutions Australia Pty Ltd,Sydney NSW,Listed six days ago,https://www.seek.com.au/job/90547334?type=standard&ref=search-standalone&origin=jobCard#sol=d0e9aae04a91d4b51073853cdc9e108a45694126,"We are looking for an experienced data engineer who combines strong technical depth in Databricks ,cloud technologies, and pyspark.",Engineering - Software,(Information & Communication Technology),(Hybrid),This is a Full time job,2
Lead Data Engineer,The Onset,Sydney NSW,Listed fifteen days ago,https://www.seek.com.au/job/90354026?type=standard&ref=search-standalone&origin=jobCard#sol=04b91fc3714bec00db96106b3168649408fe57f8,"Lead the design and build of AI/ML data platforms, pipelines, and governance, driving accessible, scalable data for algorithm-driven products.",Engineering - Software,(Information & Communication Technology),(Hybrid),This is a Full time job,1
"Senior Software Engineer, Azure Experience & Ecosystems",Microsoft,Sydney NSW,Listed seventeen days ago,https://www.seek.com.au/job/90323932?type=standard&ref=search-standalone&origin=jobCard#sol=1590dd02096164b8bc5a23db2fc02ba871355a76,Microsoft’s mission is to empower every person and every organization on the planet to achieve more.,Engineering - Software,(Information & Communication Technology),,This is a Full time job,3
Backend Software Engineer (IoT / Rust),Tenth Revolution Group,Sydney NSW,Listed twenty three days ago,https://www.seek.com.au/job/90200176?type=standard&ref=search-standalone&origin=jobCard#sol=a5e76f66c5b3d357828975c4f4f80b53430212d7,"Help build the backend and cloud platforms at SwarmFarm Robotics, powering autonomous technology that's changing the future of agriculture!",Engineering - Software,(Information & Communication Technology),,This is a Full time job,1
Senior Back-end Developer - Node.js / TypeScript,Peoplebank Australia NSW,Sydney NSW,Listed thirteen days ago,https://www.seek.com.au/job/90383487?type=standard&ref=search-standalone&origin=jobCard#sol=b96093c12e949e0fe97d598134a0ecf026a4ebf2,Backend Node.js engineer to drive safe migration from legacy systems to TypeScript microservices in a modern product environment.,Developers/Programmers,(Information & Communication Technology),(Hybrid),This is a Full time job,4
Data Engineer,DATAIQ,Norwest,,https://www.seek.com.au/job/90209621?type=promoted&ref=search-standalone&origin=jobCard#sol=6807989f77ef74eb7b43acda0134f97fdc1f527c,Join DataIQ as a Data Engineer as we expand our Data & AI practice to build modern data products on Microsoft Fabric.,Engineering - Software,(Information & Communication Technology),,This is a Full time job,2
Lead Data Scientist,Lendi Group,Sydney NSW,,https://www.seek.com.au/job/90389994?type=promoted&ref=search-standalone&origin=jobCard#sol=b0eb7c973fb40f588831667874c242d051993a8b,"Lead Data Scientist position at Lendi Group in Sydney, focusing on data-driven solutions.",Other,(Information & Communication Technology),(Hybrid),This is a Full time job,2
Data Engineer (12-month Max Term),hummgroup,Sydney NSW,Listed twenty four days ago,https://www.seek.com.au/job/90182169?type=standard&ref=search-standalone&origin=jobCard#sol=674b0ee101480f382a1418093193321912e8eb5d,"12 month opportunity for Data Engineer with strong SQL, AWS/Azure cloud skills & CI/CD expertise to build & optimise scalable data solutions",Engineering - Software,(Information & Communication Technology),(Hybrid),,2
"Data Engineers (2 roles, 12- month FTC)",HCF Australia,Sydney NSW,Listed twenty seven days ago,https://www.seek.com.au/job/90088534?type=standard&ref=search-standalone&origin=jobCard#sol=76cc4e1d0e1b14bf4d21cb0c60d95481ba7cfbc1,"12‑month FTC supporting and automating data platform operations, optimising pipelines and workflows to boost stability and cut manual effort.",Other,(Information & Communication Technology),,This is a Full time job,2
Senior Data Engineer,Cognizant Technology Solutions Australia Pty Ltd,Sydney NSW,Listed twenty five days ago,https://www.seek.com.au/job/90154441?type=standard&ref=search-standalone&origin=jobCard#sol=8682f4a63e405cfced1865d7a0fb521475d544cc,We are looking for Senior Data Engineer with good hands on experience in Data Vault 2.0,Engineering - Software,(Information & Communication Technology),(Hybrid),This is a Full time job,2
Full Stack Generative AI Developer,1QLabs,Sydney NSW,Listed more than one day ago,https://www.seek.com.au/job/90057893?type=standard&ref=search-standalone&origin=jobCard#sol=0f0f5504fdb50ca2397b6505309e20fc1e85f28e,"Ship AI products, not features. At 1QLabs you’ll launch 3-5 AI-native startups at once, building polished UX and scalable systems.",Developers/Programmers,(Information & Communication Technology),(Hybrid),This is a Full time job,0
LabVIEW Developer,BT Imaging Pty Ltd,Waterloo,Listed twelve days ago,https://www.seek.com.au/job/90423534?type=standard&ref=search-standalone&origin=jobCard#sol=bf728f47e1c3beb347557a47a5248c2f617b73f7,Urgent needed. This role will be responsible for delivering a LabView user interface for a next-generation metrology hardware product.,Engineering - Software,(Information & Communication Technology),,,2
Lead AI Engineer,TalentLink,Sydney NSW,Listed seventeen days ago,https://www.seek.com.au/job/90320398?type=standard&ref=search-standalone&origin=jobCard#sol=f1feff48d5b597ac238b2c773d3b9f1786bdc274,"Are you a Lead Engineer who can own the design, delivery and operation of production AI systems",Engineering - Software,(Information & Communication Technology),(Hybrid),This is a Full time job,1
Platform Support Engineer - Recently Acquired & Growing Australian FinTech!,The Argyle Network,Sydney NSW,Listed twenty days ago,https://www.seek.com.au/job/90248617?type=standard&ref=search-standalone&origin=jobCard#sol=984e2d39aadc907e5cafb3654fd23eff204b9eef,"Level 2 Platform Support Engineer. Troubleshoot, automate, and improve systems while collaborating across teams, writing code and driving impact.",Engineering - Software,(Information & Communication Technology),(Hybrid),This is a Full time job,1
Head of Software Engineering (Core Engineering),BrainEye,Sydney NSW,Listed twenty two days ago,https://www.seek.com.au/job/90205789?type=standard&ref=search-standalone&origin=jobCard#sol=e0e9cc002ffb45f8741d0aee25e08b2ee0322f4f,"BrainEye is at the forefront of the digital brain-health revolution, be the technical architect pushing the boundaries of what’s possible",Engineering - Software,(Information & Communication Technology),(Hybrid),This is a Full time job,2
Senior Full-Stack Engineer,HealthMatch,Sydney NSW,Listed twenty one days ago,https://www.seek.com.au/job/90237470?type=standard&ref=search-standalone&origin=jobCard#sol=39dd3b5c1d3a06a1cd2c9b2d4d93db1af843a0f0,"Own high-impact work in a small, senior team - shipping features, making pragmatic architectural calls, and shaping how HealthMatch is built.",Engineering - Software,(Information & Communication Technology),(Hybrid),This is a Full time job,0
Senior Embedded Software Engineer,Farmbot Australia Pty Ltd,Roseville,Listed six days ago,https://www.seek.com.au/job/90545715?type=standard&ref=search-standalone&origin=jobCard#sol=30353207fb06e4aa5ea744ef3d8fa48dfc7ef0f0,We’re seeking an experienced Senior Embedded Software Engineer to take ownership of Farmbot’s embedded platform.,Engineering - Software,(Information & Communication Technology),,This is a Full time job,4
Junior Programmer / Technical Build Technician,Labyrinth Escape Rooms,Parramatta,Listed twenty one hours ago,https://www.seek.com.au/job/90648288?type=standard&ref=search-standalone&origin=jobCard#sol=a9fa7a19d83817c783262f89108898cb160a8348,"Technical Creative Builder for Arduino, Raspberry Pi, C/C++, electronics, 3D printing and networking. Casual flexible role, 2 to 3 days per week.",Electrical/Electronic Engineering,(Engineering),,,2
Lead Big Data Engineer,Paxus,Sydney NSW,Listed one hour ago,https://www.seek.com.au/job/90671378?type=standard&ref=search-standalone&origin=jobCard#sol=137b7c77a7b233e51bedf8780bdb4504396f3046,.,Other,(Information & Communication Technology),,This is a Full time job,1
Lead Platform Engineer - GenAI Developer Tooling,Peoplebank Australia NSW,Sydney NSW,Listed eleven days ago,https://www.seek.com.au/job/90428742?type=standard&ref=search-standalone&origin=jobCard#sol=ff91d29777a88c63abc734d433bebb4019b40137,"Lead enterprise GenAI dev tooling to increase engineering output by 50%. Hands-on AI, automation and platform innovation.",Architects,(Information & Communication Technology),(Hybrid),This is a Full time job,1
AWS Data Engineer,Accenture,Sydney NSW,Listed five days ago,https://www.seek.com.au/job/90574436?type=standard&ref=search-standalone&origin=jobCard#sol=d4b0d956bfd3f06a813ed589f063c2c2a1a44c75,"Cloud Data Engineer who builds analytics roadmaps, uncovers insights, and collaborates with stakeholders in fast-paced environments.",Engineering - Software,(Information & Communication Technology),,This is a Full time job,2
Software Engineer II,Microsoft,Sydney NSW,Listed four days ago,https://www.seek.com.au/job/90583423?type=standard&ref=search-standalone&origin=jobCard#sol=62ab35d466f7045f5c7caf01ac5f40c9632e0359,Microsoft’s mission is to empower every person and every organization on the planet to achieve more.,Engineering - Software,(Information & Communication Technology),,This is a Full time job,3
Senior Software Engineer,Microsoft,Sydney NSW,Listed seventeen days ago,https://www.seek.com.au/job/90326451?type=standard&ref=search-standalone&origin=jobCard#sol=15445e9a1a5723178cc84055eed982d854016b0c,Microsoft’s mission is to empower every person and every organization on the planet to achieve more.,Engineering - Software,(Information & Communication Technology),,This is a Full time job,3
Senior Software Engineer - Azure Storage,Microsoft,Sydney NSW,Listed seventeen days ago,https://www.seek.com.au/job/90327021?type=standard&ref=search-standalone&origin=jobCard#sol=42302a9863ae6d7f2a11a2e0e6bc8aaa9c6adf9c,Microsoft’s mission is to empower every person and every organization on the planet to achieve more.,Engineering - Software,(Information & Communication Technology),,This is a Full time job,3
AWS Data Engineer- (Terraform),"Talent – Specialists in tech, transformation & beyond",Sydney NSW,Listed twenty days ago,https://www.seek.com.au/job/90263641?type=standard&ref=search-standalone&origin=jobCard#sol=118b85083b600718f6cce98236ad7e50adce4d11,looking for a hands-on AWS Data Engineer with strong Terraform experience to join a high-performing data engineering team based in Sydney.,Developers/Programmers,(Information & Communication Technology),,This is a Full time job,2
Software Engineer,Microsoft,Sydney NSW,Listed five days ago,https://www.seek.com.au/job/90551498?type=standard&ref=search-standalone&origin=jobCard#sol=258cd15bac72f6ceb2d2abea9d559bb8332c928b,This role offers strong growth opportunities working alongside senior technical leaders while deepening your expertise across Microsoft’s ecosystem.,Engineering - Software,(Information & Communication Technology),,This is a Full time job,2
Principal Software Engineer,Schneider Electric,Macquarie Park,Listed twenty days ago,https://www.seek.com.au/job/90266818?type=standard&ref=search-standalone&origin=jobCard#sol=d35984e42cdae330e755bb03fc450a2cd0cca82d,"Lead cloud-native IoT platforms as a Principal Software Engineer, driving architecture and innovation for next‑gen home energy systems.",Engineering - Software,(Information & Communication Technology),,This is a Full time job,1
Senior Software Engineer - Azure Data Lake Storage Gen 2,Microsoft,Sydney NSW,Listed seventeen days ago,https://www.seek.com.au/job/90323852?type=standard&ref=search-standalone&origin=jobCard#sol=57ff1de72993db43f22ad074f736e76d345a1ea0,Microsoft’s mission is to empower every person and every organization on the planet to achieve more.,Engineering - Software,(Information & Communication Technology),,This is a Full time job,3
Senior Odoo Developer,,Sydney NSW,Listed nineteen days ago,https://www.seek.com.au/job/90290772?type=standard&ref=search-standalone&origin=jobCard#sol=9b2d6ac392145f259a87cb20c5a33f587b76d6aa,Contribute to the success of one of Australia's leading Retailers by joining our Head Office Team.,Developers/Programmers,(Information & Communication Technology),,This is a Full time job,2
Applications Developer,Abbotsleigh School,Wahroonga,Listed ten days ago,https://www.seek.com.au/job/90461465?type=standard&ref=search-standalone&origin=jobCard#sol=375561c57a21d5ff3f008e6db5f608cd80098473,Abbotsleigh presents a unique opportunity for an Applications Developer to shape modern digital solutions.,Developers/Programmers,(Information & Communication Technology),,This is a Full time job,0
Software Developer - .Net / C# / MS SQL Server,Dematic Pty Ltd,Belrose,Listed ten days ago,https://www.seek.com.au/job/90464009?type=standard&ref=search-standalone&origin=jobCard#sol=14d3124413e2aae323adb476ec6b45d422547df4,"Be more than a Coder: Design & deliver C# software powering next-generation warehouse automation across APAC, and lead material handling innovation!",Developers/Programmers,(Information & Communication Technology),,This is a Full time job,4
"Embedded / Firmware Software Engineer - C++, .Net, C#, Linux Exp - PERM",Northbridge Recruitment,Parramatta,Listed one day ago,https://www.seek.com.au/job/90640242?type=standard&ref=search-standalone&origin=jobCard#sol=9fec7dde3c719d19ac93ae5775a3f980f7fd0d04,"Develop, maintain, and debug firmware/embedded software running on Linux (Yocto, kernel drivers). Exp in C++, .Net, C#, Emdbedded OR Firmware Dev Exp",Engineering - Software,(Information & Communication Technology),(Hybrid),This is a Full time job,4
Senior Data Scientist - AI & NLP,Correlate Resources,Sydney NSW,Listed six days ago,https://www.seek.com.au/job/90547933?type=standard&ref=search-standalone&origin=jobCard#sol=5bf813f3765492b90f9a7aab8abc3b3d3ecc0b9a,"Work on advanced NLP and ML initiatives, improving LLM outputs, implementing MLOps, and leveraging Python and SQL expertise to drive AI solutions","Mathematics, Statistics & Information Sciences",(Science & Technology),(Hybrid),This is a Full time job,4
Software Test Engineer - .Net / C# / MS SQL Server,Dematic Pty Ltd,Belrose,Listed twelve days ago,https://www.seek.com.au/job/90406304?type=standard&ref=search-standalone&origin=jobCard#sol=39efee5a54e6f4cc71b0c6c0174618d1f2d7b4e4,Be more than just a Tester: engineer end-to-end warehouse solutions that integrate cutting-edge material handling systems using your C# .Net skills!,Testing & Quality Assurance,(Information & Communication Technology),,This is a Full time job,4
Senior Data Engineer (EDW / Snowflake) &#8211; APS6 Equivalent,"Talent – Specialists in tech, transformation & beyond",Sydney NSW,Listed twenty days ago,https://www.seek.com.au/job/90264671?type=standard&ref=search-standalone&origin=jobCard#sol=b5948b7d47904f95747b0a544583985bec5d2521,"Sr Data Engineer (EDW) required for a 12-month contract, delivering enterprise data warehouse solutions using Snowflake/SQL.",Engineering - Software,(Information & Communication Technology),(Hybrid),,2
Platform Engineer - Developer Experience,Talenza,Sydney NSW,Listed seventeen days ago,https://www.seek.com.au/job/90343304?type=standard&ref=search-standalone&origin=jobCard#sol=19c13b7a69bda35890aa313276216c30f0fa5056,My client are a leading Australian defence business seeking multiple Platform Engineers focused on improving DevEx to join a permanent basis,Networks & Systems Administration,(Information & Communication Technology),(Hybrid),This is a Full time job,2
Senior Software Engineer,Microsoft,Sydney NSW,Listed seventeen days ago,https://www.seek.com.au/job/90326888?type=standard&ref=search-standalone&origin=jobCard#sol=be4f9b9098e8dee497753a38f6838e8077232d2d,Microsoft’s mission is to empower every person and every organization on the planet to achieve more.,Engineering - Software,(Information & Communication Technology),,This is a Full time job,3
Staff Data Scientist - AI & NLP,Correlate Resources,Sydney NSW,Listed two days ago,https://www.seek.com.au/job/90629676?type=standard&ref=search-standalone&origin=jobCard#sol=c7e40ab241346fd1dfb48750bfeaea5856d568e0,"Lead advanced NLP and ML initiatives, improving LLM outputs, implementing MLOps, and leveraging Python and SQL expertise to drive AI solutions","Mathematics, Statistics & Information Sciences",(Science & Technology),(Hybrid),This is a Full time job,4
TM1 & Microsoft Data Platform Developer,Re.Group,North Sydney,Listed more than one day ago,https://www.seek.com.au/job/90083983?type=standard&ref=search-standalone&origin=jobCard#sol=93f96ee54bb25d9c2d264248c0346b3d46be1cb9,"We are looking for a TM1 & Microsoft Data Platform Developer to strengthen our analytics, planning and reporting capability across the business.",Developers/Programmers,(Information & Communication Technology),,This is a Full time job,2
Senior AI & Automation Developer,Australian Catholic University Limited,North Sydney,Listed five days ago,https://www.seek.com.au/job/90564142?type=standard&ref=search-standalone&origin=jobCard#sol=4ec5b0bc21001c9d4ca6b03ceff204dab485c15f,"Exceptional opportunity to play a critical role in process automation design, development and delivery of breakthrough AI-powered automation solutions",Developers/Programmers,(Information & Communication Technology),(Hybrid),This is a Full time job,1
"Infrastructure Automation Engineer - Red Hat OpenShift, Python",Robert Walters,Sydney NSW,Listed nineteen days ago,https://www.seek.com.au/job/90292486?type=standard&ref=search-standalone&origin=jobCard#sol=8703476289953d0a8c68bf6c7074feba1ecb35a5,Engineer and provision the infrastructure required for computer vision technology to sit on top. High-impact project with lots of funding!,Networks & Systems Administration,(Information & Communication Technology),(Hybrid),,4
Software Engineering II,Microsoft,Sydney NSW,Listed nineteen days ago,https://www.seek.com.au/job/90274500?type=standard&ref=search-standalone&origin=jobCard#sol=c86c2f6ae84cf5c103b443193179fe48a0c32ece,Microsoft’s mission is to empower every person and every organization on the planet to achieve more.,Engineering - Software,(Information & Communication Technology),,This is a Full time job,3
"Software Engineering Manager, PDEIO Test Results",Google,Sydney NSW,Listed twenty one days ago,https://www.seek.com.au/job/90231112?type=standard&ref=search-standalone&origin=jobCard#sol=cadb81805c63b3070647bedee72a003419e5208e,"Lead a team building cutting-edge tech for Android, Chrome OS and Pixel at Google. Innovative and rewarding role.",Engineering - Software,(Information & Communication Technology),,This is a Full time job,4
Senior Software Developer (C++),Windcave Limited,Sydney NSW,Listed nineteen days ago,https://www.seek.com.au/job/90289455?type=standard&ref=search-standalone&origin=jobCard#sol=bf67c914bc3e058ace2588e04e9fe024e4cb9ec4,Windcave is on the lookout for a Senior Software Developer who will have the opportunity to work on complex global e-commerce software projects.,Developers/Programmers,(Information & Communication Technology),(Hybrid),This is a Full time job,4
Software Developer - Salesforce Commerce Cloud,Aurec,Sydney NSW,Listed twenty five days ago,https://www.seek.com.au/job/90171816?type=standard&ref=search-standalone&origin=jobCard#sol=004143a776e0c87293d52d3f2a50bc29ca7f1e3d,6-month Sydney contract for a senior engineer with strong Salesforce Commerce Cloud (SFRA) experience and a modern JavaScript background.,Engineering - Software,(Information & Communication Technology),,This is a Full time job,1
"Senior Data Engineer, Asap, 3 months",FutureYou,Sydney NSW,Listed seventeen days ago,https://www.seek.com.au/job/90330225?type=standard&ref=search-standalone&origin=jobCard#sol=1882fdf1e4b7784b51724f8a9984758e6fb31522,"Senior Data Engineer delivering secure AWS cloud solutions, building scalable APIs, optimising ETL pipelines, and collaborating across teams.",Database Development & Administration,(Information & Communication Technology),,,2
"Senior Data Scientist, Product, Google Photos",Google,Sydney NSW,Listed thirteen days ago,https://www.seek.com.au/job/90393375?type=standard&ref=search-standalone&origin=jobCard#sol=5404c6af522084094eafbf9011f715c48e746415,Join Google's award-winning Photos team and drive user-centric insights to shape the future of this iconic product.,Developers/Programmers,(Information & Communication Technology),,This is a Full time job,2
Databricks Platform Engineer,Billigence,Sydney NSW,Listed five days ago,https://www.seek.com.au/job/90559867?type=standard&ref=search-standalone&origin=jobCard#sol=ef2233d89e86890015cdf1b33f94058d71e96d0e,Initial contract to end of financial year + potential to extend. Fully remote work options within Australia.,Engineering - Software,(Information & Communication Technology),(Remote),,2
Software Engineer II,Microsoft,Sydney NSW,Listed nineteen days ago,https://www.seek.com.au/job/90274396?type=standard&ref=search-standalone&origin=jobCard#sol=d4b64aaf7cd0a664f9e14c01b6022d3eff7c119b,Microsoft’s mission is to empower every person and every organization on the planet to achieve more.,Engineering - Software,(Information & Communication Technology),,This is a Full time job,3
Senior Embedded Software Engineer,Breville,Alexandria,Listed six days ago,https://www.seek.com.au/job/90518299?type=standard&ref=search-standalone&origin=jobCard#sol=96a2efc06941c46909d5c9c5d96e033b7277cddd,"Senior Embedded Software Engineer building premium connected appliances, partnering cross-functionally to deliver scalable embedded solutions.",Other,"(Manufacturing, Transport & Logistics)",(Hybrid),This is a Full time job,4
GCP Data Engineer,Talent Insights Group Pty Ltd,Sydney NSW,Listed twenty days ago,https://www.seek.com.au/job/90245271?type=standard&ref=search-standalone&origin=jobCard#sol=363e7db507483d1d99972c3e7784e3cf0b7f6c4f,GCP Data Engineer required to join growing Tech Company,Engineering - Software,(Information & Communication Technology),(Hybrid),,2
Senior Data Engineer,SustainRecruit,Sydney NSW,Listed twenty one days ago,https://www.seek.com.au/job/90219796?type=standard&ref=search-standalone&origin=jobCard#sol=756b4a489afc6fdbac7b4f9a16c4eab651aa97fb,"Senior Data Engineer required to own Snowflake, Azure ADF, Fabric and Python pipelines, driving delivery and platform growth.",Engineering - Software,(Information & Communication Technology),(Hybrid),This is a Full time job,2
Senior AI Engineer (AI-Facing Systems),The Onset,Sydney NSW,Listed seventeen days ago,https://www.seek.com.au/job/90326702?type=standard&ref=search-standalone&origin=jobCard#sol=2e1a8e78895f50eab0567ee4a1f70b416ebdc417,"Join and immediately contribute to a high calibre growing AI team building real, production-grade AI systems.",Engineering - Software,(Information & Communication Technology),(Hybrid),This is a Full time job,0
Senior Algorithms Engineer,TheDriveGroup,Sydney NSW,Listed twenty two days ago,https://www.seek.com.au/job/90201615?type=standard&ref=search-standalone&origin=jobCard#sol=29fa8718db838f2fe69549ff5ca177df8409c9f6,Design intelligent algorithms for real-time sensor fusion and RF analytics,Engineering - Software,(Information & Communication Technology),(Hybrid),This is a Full time job,4
Senior Systems Engineer - RAN OSS,Optus,Macquarie Park,Listed four days ago,https://www.seek.com.au/job/90602528?type=standard&ref=search-standalone&origin=jobCard#sol=4c552f0a029376858cad2693c32be52cc00e12d1,"The SSE is accountable for solution customisation, software development, configuration, and enhancement of RAN OSS Systems",Engineering - Network,(Information & Communication Technology),(Hybrid),This is a Full time job,1
Software Engineer II,Microsoft,Sydney NSW,Listed more than one day ago,https://www.seek.com.au/job/90068888?type=standard&ref=search-standalone&origin=jobCard#sol=a78578147767e1bc4d028aeb9f2158c0a7ac0c44,Microsoft’s mission is to empower every person and every organization on the planet to achieve more.,Engineering - Software,(Information & Communication Technology),,This is a Full time job,3
Senior Systems Engineer - Service Management,Optus,Macquarie Park,Listed four days ago,https://www.seek.com.au/job/90602716?type=standard&ref=search-standalone&origin=jobCard#sol=2d98fbff348d8668ae1af1248b94646de3fab166,"The SSE is accountable for software development, configuration, and enhancement of OSS Service Management and Enterprise Integration Systems",Engineering - Network,(Information & Communication Technology),(Hybrid),This is a Full time job,1
Software Developer – SENIOR Developer - Microsoft Dynamics & Power Platform,Calandra Group,Balmain,Listed twenty five days ago,https://www.seek.com.au/job/90156364?type=standard&ref=search-standalone&origin=jobCard#sol=2de9ef52d0ab70a1fb36a409155f4a92b6f45dc0,"Senior on-site software developer owning design to delivery across Microsoft Dynamics, Power Platform, .NET and Azure.",Developers/Programmers,(Information & Communication Technology),,This is a Full time job,4
Applications & Solutions Developer,Fairfield City Council,Wakeley,Listed one day ago,https://www.seek.com.au/job/90641930?type=standard&ref=search-standalone&origin=jobCard#sol=d7beb28355d9975ebd6fbfde41bda384d3efa2ee,"We're hiring 2x Applications & Solutions Developers to build and enhance Council systems through expert integration, coding and problem‑solving.",Government - Local,(Government & Defence),(Hybrid),This is a Full time job,0
Senior Data / ML Engineer,Pathway Search,Sydney NSW,Listed nineteen days ago,https://www.seek.com.au/job/90270464?type=standard&ref=search-standalone&origin=jobCard#sol=3a33a291f530bdbac052200ceaf432e7c74ed2b3,Senior Data & ML Platform Engineer to own a production Databricks lakehouse powering AI-driven products at scale.,Engineering - Software,(Information & Communication Technology),(Hybrid),This is a Full time job,2
Senior AI Engineer,Talenza,Sydney NSW,Listed seventeen days ago,https://www.seek.com.au/job/90327887?type=standard&ref=search-standalone&origin=jobCard#sol=9d8e4cb6f36690e2a55c59af76cceed1a563737d,Senior AI Engineer - FS - Sydney - AI - RAG - $170k + Super,Other,(Information & Communication Technology),,This is a Full time job,0
"Embedded / Firmware Software Engineer - C++, .Net, C#, Linux Exp - PERM",Northbridge Recruitment,Parramatta,Listed ten days ago,https://www.seek.com.au/job/90454263?type=standard&ref=search-standalone&origin=jobCard#sol=c0ea71b4302581a81eafc094c1cbd098f758993f,"Develop, maintain, and debug firmware/embedded software running on Linux (Yocto, kernel drivers). Exp in C++, .Net, C#, Emdbedded OR Firmware Dev Exp",Engineering - Software,(Information & Communication Technology),(Hybrid),This is a Full time job,4
"Dynamics 365 Software Engineer, Developer, Architect",Velrada,Sydney NSW,Listed twenty one days ago,https://www.seek.com.au/job/90210969?type=standard&ref=search-standalone&origin=jobCard#sol=bad87987dc81a12d7f4b90a473c82846289d0ba9,-,Consultants,(Information & Communication Technology),(Hybrid),This is a Full time job,4
Data & AI Engineer,Charterhouse,Sydney NSW,Listed eighteen days ago,https://www.seek.com.au/job/90316402?type=standard&ref=search-standalone&origin=jobCard#sol=15ddba41351af85179224aa64111f8788ac21508,"We’re partnering with a high-growth, technology-led financial services organisation building a modern Data & AI Platform.",Other,(Information & Communication Technology),,This is a Full time job,2
"Software Engineer, Google Photos",Google,Sydney NSW,Listed more than thirty days ago,https://www.seek.com.au/job/89988250?type=standard&ref=search-standalone&origin=jobCard#sol=d35c0cf2bea2d8052cdd62f15648841aa51fed1d,Join the Google Photos team - empowering users with cutting-edge AI and machine learning technologies. Grow your skills at a global tech leader.,Developers/Programmers,(Information & Communication Technology),,This is a Full time job,4
Senior AI Engineer,Emanate Technology Pty Ltd,Sydney NSW,Listed twenty four days ago,https://www.seek.com.au/job/90172961?type=standard&ref=search-standalone&origin=jobCard#sol=195a19761d4b7fd0b9e903f2967063b325c739ed,"Experience designing and building AI-driven applications
LLM lifecycle in production environments
Architect and build foundational AI capabilities",Engineering - Software,(Information & Communication Technology),(Hybrid),This is a Full time job,0
Senior SRE (Platform & Infratstructure),Woolworths Group,Surry Hills,Listed twenty seven days ago,https://www.seek.com.au/job/90089414?type=standard&ref=search-standalone&origin=jobCard#sol=70a3375a770c13d34ff85bf7b259e1ce806c21fe,8-10 yrs  experience working in the trenches of Cloud-Native environments with an SRE mindset,Engineering - Network,(Information & Communication Technology),,This is a Full time job,0
Staff Software Engineer – Native Mobile (iOS or Android),Commonwealth Bank,Sydney NSW,Listed seventeen days ago,https://www.seek.com.au/job/90330628?type=standard&ref=search-standalone&origin=jobCard#sol=4834000b5677421f8992f62ae3413d566d60a669,"Staff Native Mobile Engineer (iOS or Android) leading scalable, secure banking apps used by millions of Australians every day.",Engineering - Software,(Information & Communication Technology),(Hybrid),This is a Full time job,1
Senior Full Stack Developer,Winning Group,Sydney NSW,Listed twenty one days ago,https://www.seek.com.au/job/90235167?type=standard&ref=search-standalone&origin=jobCard#sol=fe76b29a6cd8a7b996dfbd931dfda3635875e6b4,"Lead scalable, data-driven systems at Winning Group. Join our R&D team building innovative web and cloud solutions for analytics and data science.",Engineering - Software,(Information & Communication Technology),,This is a Full time job,0
Senior Data Engineer,"Talent – Specialists in tech, transformation & beyond",Parramatta,Listed one day ago,https://www.seek.com.au/job/90638862?type=standard&ref=search-standalone&origin=jobCard#sol=929a477fa071b4925962daa092ecb460cf2ead52,"Talent International, a leading Australian recruitment firm, has been engaged by our long-standing client to secure a Senior Data Engineer.",Engineering - Software,(Information & Communication Technology),,This is a Full time job,2
Data Warehouse Developer (Microsoft Fabric),AAR Consulting Group P/L,Parramatta,Listed five days ago,https://www.seek.com.au/job/90571464?type=standard&ref=search-standalone&origin=jobCard#sol=518735af090519e7dfa617b1ca17ce57bac2a88d,Work on major enhancements of the data warehouse including the migration of reporting and data to the Microsoft Power BI platform,Developers/Programmers,(Information & Communication Technology),(Hybrid),,2
Software Developer Engineer in Test (Mobile),TalentWeb Consulting,Sydney NSW,Listed seven days ago,https://www.seek.com.au/job/90498382?type=standard&ref=search-standalone&origin=jobCard#sol=8e5fa2300209ce0fc30a3ee6903a406eaf8b2341,Seeking a highly experienced Software Developer Engineer in Test (SDET) with strong mobile expertise on an initial 6 month contract.,Testing & Quality Assurance,(Information & Communication Technology),(Hybrid),,4
Principal Software Engineer,Scape Australia Management,Sydney NSW,Listed more than one day ago,https://www.seek.com.au/job/90084493?type=standard&ref=search-standalone&origin=jobCard#sol=3cc78b200d8483cc936240c54b6244c764fb68a0,Principal Software Engineer building in-house digital platforms that shape how the next generation lives and connects.,Engineering - Software,(Information & Communication Technology),,This is a Full time job,1
AI Solutions Engineer,oOh!,North Sydney,Listed twenty seven days ago,https://www.seek.com.au/job/90113754?type=standard&ref=search-standalone&origin=jobCard#sol=743597225dde563e080aa3a8a67fe2f7c9d95763,AI Solutions Engineer is needed to join our team at oOH! media.,Engineering - Software,(Information & Communication Technology),,This is a Full time job,0
Developer Programmer – Data Governance & Analytics,Agile Analytics,North Sydney,Listed twenty five days ago,https://www.seek.com.au/job/90155313?type=standard&ref=search-standalone&origin=jobCard#sol=e96f7af3440efae4f5d96f18b951058f3fced6ac,"High-growth Microsoft Data & AI partner delivering enterprise Azure, Fabric & OpenAI solutions—top 1% globally and a Certified Great Place to Work.",Developers/Programmers,(Information & Communication Technology),(Hybrid),This is a Full time job,2
Data Engineer - Azure,FourQuarters Recruitment,Sydney NSW,Listed thirteen days ago,https://www.seek.com.au/job/90396755?type=standard&ref=search-standalone&origin=jobCard#sol=d68e3f957cac00a9bcb8c6552deccf0cd1ef0592,"Azure Data Engineer contractor needed to work on a variety of data projects within a fast-paced, enterprise organisation.",Other,(Information & Communication Technology),(Hybrid),,2
Senior Software Engineer (Sensor Fusion) x 2,TheDriveGroup,Sydney NSW,Listed twenty two days ago,https://www.seek.com.au/job/90201621?type=standard&ref=search-standalone&origin=jobCard#sol=14b08639e4cec9b30da4423c13ff25d51b6b9e90,Build high-performance tools powering real-world sensor systems,Developers/Programmers,(Information & Communication Technology),(Hybrid),This is a Full time job,4
Senior Data Engineer,Elula,Sydney NSW,Listed seven days ago,https://www.seek.com.au/job/90513368?type=standard&ref=search-standalone&origin=jobCard#sol=fd758b79c5474f36d79947cb70aae28d379bf74e,"Are you a Senior Data Engineer looking to join a fast-paced AI company, with the latest technologies and opportunities for development.",Engineering - Software,(Information & Communication Technology),(Hybrid),This is a Full time job,2
Application Security Engineer,Talenza,Sydney NSW,Listed fourteen days ago,https://www.seek.com.au/job/90359125?type=standard&ref=search-standalone&origin=jobCard#sol=31c8234b028751fe9091f619bd4cc4816eb8f601,"Application Security Engineer role with a cutting-edge tech firm to secure complex products across cloud, apps and embedded systems.",Security,(Information & Communication Technology),(Hybrid),This is a Full time job,4
Full Stack Engineer,FinXL IT Professional Services,Sydney NSW,Listed seventeen days ago,https://www.seek.com.au/job/90324780?type=standard&ref=search-standalone&origin=jobCard#sol=73f02a403afb5d0dfabc2bcbc03019bee2981f90,"Tech: Node, Python, React/Angular, Restful APIs, AWS, Java preferred, AI tools, Sydney CBD & WFH",Developers/Programmers,(Information & Communication Technology),(Hybrid),,0
AI Engineer,CHARTERED ACCOUNTANTS AUSTRALIA AND NEW ZEALAND,Sydney NSW,Listed twenty five days ago,https://www.seek.com.au/job/90153109?type=standard&ref=search-standalone&origin=jobCard#sol=93cf92e37b0ac349e47b3a8d84dbbbd6ae5fec4f,Join our Product Management team as an AI Engineer to build impactful AI/ML solutions and shape our technological future.,Engineering - Software,(Information & Communication Technology),,This is a Full time job,0
Software Engineering II,Microsoft,Sydney NSW,Listed twenty five days ago,https://www.seek.com.au/job/90149772?type=standard&ref=search-standalone&origin=jobCard#sol=c90cbeb4ca1c9202c556a1ab1cada39bbc6f2019,Microsoft’s mission is to empower every person and every organization on the planet to achieve more.,Engineering - Software,(Information & Communication Technology),,This is a Full time job,3
Software Engineer - M365,Australian Prudential Regulation Authority,Sydney NSW,Listed eleven days ago,https://www.seek.com.au/job/90434416?type=standard&ref=search-standalone&origin=jobCard#sol=452afa4e44db8e5427704209ccd6b4eff61271a4,"Design, develop and support modern digital solutions with a strong focus on Microsoft 365, Power Platform, Dynamics 365 and Azure‑based services.",Engineering - Software,(Information & Communication Technology),(Hybrid),This is a Full time job,2
Back-End Application Developer,NSW Department of Customer Service,Parramatta,Listed twelve days ago,https://www.seek.com.au/job/90420453?type=standard&ref=search-standalone&origin=jobCard#sol=fa86776a943d9b5cee4d488c2f531d1831c0bef6,"Back-End Application Developer

Lead the Data Revolution at DCS: Where Analytics Meets Real-World Impact !",Developers/Programmers,(Information & Communication Technology),(Hybrid),This is a Full time job,0
Senior Data Scientist,The Recruitment Company,Sydney NSW,Listed nine days ago,https://www.seek.com.au/job/90481658?type=standard&ref=search-standalone&origin=jobCard#sol=2eb2ba69b1ed849e591367e1ffc57647b1aebcdb,"Drive customer retention and business impact in a Senior Data Scientist role (Finance) with cutting-edge ML, Generative AI, and a talented team.",Developers/Programmers,(Information & Communication Technology),(Hybrid),This is a Full time job,2
Integration Engineer (Embedded Systems),TheDriveGroup,Sydney NSW,Listed twenty two days ago,https://www.seek.com.au/job/90201627?type=standard&ref=search-standalone&origin=jobCard#sol=935f6f8d06bdbce34c6372aa83e6afa523bd069f,Join a high-performance engineering organisation developing advanced sensor and embedded platforms,Engineering - Software,(Information & Communication Technology),(Hybrid),This is a Full time job,4
Machine Learning Engineer,Hydrogen Group Pty Ltd,Sydney NSW,Listed twenty days ago,https://www.seek.com.au/job/90251361?type=standard&ref=search-standalone&origin=jobCard#sol=17d33f6a4f67aba3252fcce629de012fb5302bd1,"Machine Learning Engineer to build ML models, data pipelines & AI solutions on cloud platforms; collaborate across teams; grow your data skills.",Other,(Information & Communication Technology),(Hybrid),This is a Full time job,2
Digital Data Engineer,Greenstone Financial Services,Norwest,Listed twenty five days ago,https://www.seek.com.au/job/90144826?type=standard&ref=search-standalone&origin=jobCard#sol=3c72a26e6de26de6a4ccc368224afd9dcce03170,"Work with our Data Architecture and Engineering teams, to ensure our data pipelines and reporting assets are reliable, accurate, and best peforming.",Business/Systems Analysts,(Information & Communication Technology),,This is a Full time job,2
"AI Engineer, Software",Correlate Resources,Sydney NSW,Listed seven days ago,https://www.seek.com.au/job/90514613?type=standard&ref=search-standalone&origin=jobCard#sol=1d943b18399802a7282f3d36fe90a8409bfda463,"AI Engineer with a Software Engineering or platform Data Engineering background to build scalable, production grade LLM solutions in Azure.",Engineering - Software,(Information & Communication Technology),(Hybrid),This is a Full time job,0
"Software Engineer (Sydney, Adelaide, Canberra, Brisbane, Perth & Melbourne)",Ariston Partners Australia Pty Ltd,Sydney NSW,Listed eighteen days ago,https://www.seek.com.au/job/90306054?type=standard&ref=search-standalone&origin=jobCard#sol=4a0b6cf087fc9df051b0c16df2558310df0559a9,"Our client, a leading Company is looking for a Software Engineer to work with cutting-edge technologies leading to a large Transformation Programme",Engineering - Software,(Information & Communication Technology),,This is a Full time job,4
Data Engineer,BizCover,Sydney NSW,Listed twenty two days ago,https://www.seek.com.au/job/90207425?type=standard&ref=search-standalone&origin=jobCard#sol=5cda551ff0cc3cae863e741612d2366d4c1e64b9,"BizCover is seeking a Data Engineer to build, manage, and optimize our data systems, making information work smarter for our teams.",Other,(Engineering),(Hybrid),This is a Full time job,2
Senior Software Engineer,TPG Telecom,Barangaroo,Listed nineteen days ago,https://www.seek.com.au/job/90271950?type=standard&ref=search-standalone&origin=jobCard#sol=ee5c24b1d160f2c4c9e6f93d7ae35a89838b0ea2,"An opportunity to play a vital role in driving architectural direction, standards, and delivery outcomes across OSS and automation platforms.",Engineering - Software,(Information & Communication Technology),(Hybrid),This is a Full time job,1
Senior Software Developer,CSIRO,Sydney NSW,Listed thirteen days ago,https://www.seek.com.au/job/90398390?type=standard&ref=search-standalone&origin=jobCard#sol=a419a3c8ad94eafc7620c141e707d4f733d57d93,"Be responsible for designing, building, and maintaining new software products, as well as supporting and enhancing existing systems.",Engineering - Software,(Information & Communication Technology),,This is a Full time job,1
Senior .NET Developer (.Net and React),Enterprise IT Resources Pty Ltd,Sydney NSW,Listed twenty six days ago,https://www.seek.com.au/job/90125343?type=standard&ref=search-standalone&origin=jobCard#sol=74418c59ab2696e86b58865dc7f9a4b7424d67e2,"Join our client’s team as a Senior .NET Developer, shaping cutting-edge software solutions in Sydney’s vibrant CBD.",Developers/Programmers,(Information & Communication Technology),,,4
Data Engineer,Charterhouse,Sydney NSW,Listed eighteen days ago,https://www.seek.com.au/job/90316562?type=standard&ref=search-standalone&origin=jobCard#sol=80a609c562b63e7b761164d8c564d944eaf3132b,"We’re working with a high-growth, technology-led financial services organisation building a modern Data & AI Platform.",Other,(Information & Communication Technology),(Hybrid),This is a Full time job,2
"Data Engineer - Databricks, Python, SQL, Azure - Up to $190K Package",,North Sydney,Listed more than one day ago,https://www.seek.com.au/job/90085406?type=standard&ref=search-standalone&origin=jobCard#sol=4f49f6f3adde2f97e3b6f8ff909270d736d3398e,"ASX 200 business seeking Data Engineer to design ETL/ELT pipelines & integrate with SAP systems, with 5+ years' experience in Databricks, Python & SQ",Developers/Programmers,(Information & Communication Technology),(Hybrid),This is a Full time job,2
Software Engineer,Enrich IT Services Pty Ltd,Sydney NSW,Listed eleven days ago,https://www.seek.com.au/job/90452454?type=standard&ref=search-standalone&origin=jobCard#sol=6b84a374182581e6a1dc3c0e3b9c483801b00776,Software Engineer,Engineering - Software,(Information & Communication Technology),(Hybrid),This is a Full time job,4
Analyst Intelligent Automation,Department of Education,Parramatta,Listed twelve days ago,https://www.seek.com.au/job/90423792?type=standard&ref=search-standalone&origin=jobCard#sol=b3624f46aa6efcd3b9be0427c7079ecbaee235a5,"Proven experience in process automation, delivering end-to-end low-code automation solutions",Business/Systems Analysts,(Information & Communication Technology),(Hybrid),This is a Full time job,1
Implementation Consultant,The Onset,Sydney NSW,Listed twenty two days ago,https://www.seek.com.au/job/90204031?type=standard&ref=search-standalone&origin=jobCard#sol=a2749ea171d23491172b0527d842a14ea8207772,"Solve technology & business in a fast-growing Fintech Scaleup. Hands-on coding, problem-solving & direct client impact.",Business/Systems Analysts,(Information & Communication Technology),(Hybrid),This is a Full time job,2
Senior Data Engineer - 12 Month Max Term Contract,The Hollard Insurance Company,North Sydney,Listed twenty five days ago,https://www.seek.com.au/job/90170854?type=standard&ref=search-standalone&origin=jobCard#sol=f5a76ae8f476f14b3812d65879cb3f96232d1ecb,Exciting opportunity for experienced Senior Data Engineers to contribute to the delivery of a modern Azure Data Platform within a high-performing team,Developers/Programmers,(Information & Communication Technology),(Hybrid),,2
Machine Learning Engineer,Preacta Recruitment,Sydney NSW,Listed more than one day ago,https://www.seek.com.au/job/90058349?type=standard&ref=search-standalone&origin=jobCard#sol=0360e54a94fbe2a1ff5e632c6390c57941951b57,"Want to build production-grade AI that operates on real-world signal data, not lab experiments?",Engineering - Software,(Information & Communication Technology),(Hybrid),This is a Full time job,0
Data Engineer,Hearing Australia,Macquarie Park,Listed twelve days ago,https://www.seek.com.au/job/90408459?type=standard&ref=search-standalone&origin=jobCard#sol=605e36cdc3b90e1ebd4d15f72e670d8d4efd075c,Create an impact and grow your career in the leading hearing health industry,Other,(Healthcare & Medical),(Hybrid),This is a Full time job,2
Embedded Software Engineer,TheDriveGroup,Sydney NSW,Listed twenty two days ago,https://www.seek.com.au/job/90201622?type=standard&ref=search-standalone&origin=jobCard#sol=00efa40e9c0ef51366c608f744533d47371e4aca,Drive innovation in sensor technologies through high-performance software,Developers/Programmers,(Information & Communication Technology),(Hybrid),This is a Full time job,4
AI Engineer,Tenth Revolution Group,Sydney NSW,Listed seventeen days ago,https://www.seek.com.au/job/90331435?type=standard&ref=search-standalone&origin=jobCard#sol=901a5114a6656f5576c86dadf0059b6361442d26,"AI Engineer delivering enterprise-grade Generative AI solutions across LLM, RAG and full-stack AI platforms.",Engineering - Software,(Information & Communication Technology),,,0
AI/ML Software Engineer (Full-Stack),LEAP,Sydney NSW,Listed eight days ago,https://www.seek.com.au/job/90488821?type=standard&ref=search-standalone&origin=jobCard#sol=447fe0336d37ab3d608cdb00f16c3519de66b057,Own and scale the intelligence layer behind LEAP’s AI Helpdesk - foundational AI Project with business wide impact,Other,(Information & Communication Technology),(Hybrid),This is a Full time job,0
Data Analytics Engineer,DataMesh,Sydney NSW,Listed six days ago,https://www.seek.com.au/job/90546157?type=standard&ref=search-standalone&origin=jobCard#sol=4be22e5680a75fcd3d110595abc6377e172c49e6,Join us as a Data Analytics Engineer and take ownership of our end-to-end data ecosystem -transforming complex data into powerful insights that drive,Analysis & Reporting,(Banking & Financial Services),(Hybrid),This is a Full time job,2
AI Engineer,BrightSpark Recruitment,Sydney NSW,Listed twenty days ago,https://www.seek.com.au/job/90238716?type=standard&ref=search-standalone&origin=jobCard#sol=31c1ff3f09eed4167b8cff410e4129b41f6a549e,Exciting opportunity for an experienced Software Engineer with solid AI engineering experience to join a growing SaaS business with global presence,Engineering - Software,(Information & Communication Technology),(Hybrid),This is a Full time job,0
Analyst Programmer - 6 months,Genesis IT Recruitment,Sydney NSW,Listed eleven days ago,https://www.seek.com.au/job/90451459?type=standard&ref=search-standalone&origin=jobCard#sol=f373fe9054b9cddbd559ebb853501d9c153da48a,Seeking Analyst Programmer supporting delivery of a Case Management Service (CMS) platform solution using Microsoft Fabric and Power BI - APPLY NOW,Developers/Programmers,(Information & Communication Technology),(Hybrid),,2
